QE_I69,QE_I70,QE_I71,QE_I72,QE_I73,QE_I74,QE_I75,QE_I76,QE_I77,QE_I78,QE_I79
6.0,7.0,6.0,6.0,8.0,7.0,4.0,6.0,6.0,1.0,1.0
6.0,4.0,3.0,5.0,4.0,6.0,6.0,5.0,5.0,2.0,6.0
6.0,6.0,6.0,5.0,7.0,4.0,4.0,6.0,6.0,5.0,1.0
6.0,4.0,6.0,6.0,8.0,6.0,6.0,4.0,6.0,6.0,1.0
6.0,7.0,6.0,7.0,7.0,6.0,6.0,6.0,8.0,1.0,1.0
6.0,6.0,3.0,6.0,7.0,5.0,3.0,6.0,3.0,3.0,1.0
5.0,5.0,5.0,7.0,5.0,5.0,4.0,6.0,5.0,5.0,4.0
6.0,1.0,6.0,6.0,6.0,6.0,6.0,1.0,6.0,1.0,1.0
6.0,6.0,6.0,2.0,6.0,6.0,6.0,4.0,5.0,2.0,1.0
6.0,4.0,8.0,8.0,7.0,4.0,4.0,3.0,2.0,6.0,6.0
6.0,6.0,6.0,6.0,6.0,6.0,6.0,6.0,6.0,6.0,6.0
6.0,7.0,6.0,7.0,6.0,6.0,6.0,6.0,5.0,1.0,1.0
6.0,3.0,4.0,3.0,4.0,1.0,3.0,6.0,3.0,6.0,3.0
8.0,8.0,8.0,8.0,8.0,8.0,8.0,6.0,6.0,2.0,1.0
1.0,7.0,5.0,7.0,7.0,1.0,4.0,6.0,6.0,1.0,8.0
6.0,6.0,6.0,6.0,6.0,6.0,6.0,6.0,6.0,6.0,6.0
6.0,6.0,6.0,2.0,4.0,5.0,4.0,5.0,5.0,4.0,4.0
4.0,4.0,6.0,6.0,6.0,3.0,3.0,2.0,3.0,6.0,3.0
4.0,4.0,4.0,4.0,6.0,6.0,5.0,6.0,3.0,6.0,6.0
6.0,6.0,6.0,6.0,6.0,6.0,6.0,6.0,6.0,8.0,1.0
8.0,7.0,8.0,8.0,8.0,8.0,8.0,6.0,8.0,8.0,8.0
6.0,5.0,6.0,6.0,6.0,5.0,5.0,5.0,2.0,6.0,6.0
6.0,6.0,6.0,6.0,6.0,6.0,6.0,6.0,6.0,1.0,1.0
6.0,6.0,6.0,6.0,6.0,6.0,6.0,6.0,6.0,6.0,6.0
6.0,6.0,6.0,6.0,6.0,6.0,6.0,6.0,6.0,1.0,1.0
6.0,6.0,6.0,6.0,7.0,6.0,6.0,6.0,6.0,4.0,1.0
6.0,7.0,6.0,7.0,7.0,6.0,6.0,6.0,6.0,1.0,1.0
6.0,6.0,6.0,6.0,6.0,6.0,6.0,6.0,4.0,6.0,6.0
6.0,6.0,6.0,6.0,6.0,6.0,6.0,6.0,6.0,6.0,6.0
6.0,6.0,6.0,7.0,1.0,6.0,6.0,6.0,6.0,4.0,1.0
6.0,5.0,3.0,4.0,4.0,3.0,3.0,5.0,5.0,4.0,5.0
3.0,3.0,3.0,3.0,3.0,3.0,3.0,6.0,1.0,6.0,6.0
6.0,3.0,2.0,8.0,2.0,2.0,3.0,2.0,2.0,5.0,5.0
7.0,6.0,6.0,5.0,7.0,5.0,5.0,3.0,4.0,5.0,6.0
6.0,6.0,6.0,6.0,6.0,6.0,6.0,6.0,6.0,1.0,1.0
6.0,6.0,6.0,6.0,6.0,6.0,6.0,6.0,6.0,1.0,1.0
5.0,4.0,5.0,5.0,7.0,5.0,5.0,6.0,6.0,1.0,4.0
4.0,1.0,3.0,3.0,6.0,1.0,1.0,6.0,5.0,1.0,1.0
6.0,5.0,6.0,3.0,3.0,5.0,5.0,4.0,2.0,6.0,6.0
6.0,3.0,6.0,6.0,6.0,4.0,6.0,6.0,6.0,6.0,6.0
6.0,6.0,6.0,6.0,6.0,6.0,6.0,6.0,6.0,2.0,2.0
1.0,4.0,7.0,6.0,6.0,6.0,7.0,7.0,6.0,7.0,3.0
6.0,3.0,4.0,3.0,2.0,3.0,4.0,4.0,6.0,5.0,1.0
6.0,6.0,6.0,6.0,3.0,6.0,6.0,6.0,6.0,1.0,1.0
7.0,7.0,7.0,7.0,7.0,7.0,7.0,1.0,6.0,7.0,6.0
8.0,8.0,6.0,6.0,8.0,8.0,8.0,8.0,8.0,8.0,8.0
6.0,6.0,6.0,6.0,6.0,6.0,6.0,6.0,6.0,6.0,6.0
6.0,6.0,6.0,6.0,6.0,6.0,4.0,6.0,4.0,6.0,6.0
6.0,6.0,6.0,6.0,6.0,6.0,5.0,6.0,6.0,5.0,1.0
6.0,6.0,6.0,6.0,6.0,6.0,6.0,6.0,6.0,6.0,6.0
6.0,6.0,6.0,2.0,8.0,6.0,4.0,6.0,6.0,5.0,5.0
6.0,6.0,6.0,6.0,6.0,6.0,6.0,6.0,6.0,3.0,4.0
6.0,6.0,6.0,7.0,7.0,6.0,6.0,6.0,6.0,6.0,1.0
6.0,6.0,6.0,6.0,6.0,6.0,6.0,6.0,6.0,6.0,6.0
6.0,6.0,6.0,6.0,6.0,6.0,6.0,6.0,6.0,6.0,6.0
8.0,6.0,6.0,7.0,8.0,6.0,6.0,6.0,6.0,8.0,1.0
3.0,7.0,3.0,7.0,7.0,3.0,3.0,6.0,5.0,3.0,2.0
3.0,3.0,3.0,7.0,7.0,3.0,3.0,3.0,4.0,3.0,3.0
6.0,7.0,6.0,5.0,6.0,4.0,4.0,6.0,6.0,1.0,1.0
6.0,6.0,6.0,6.0,6.0,6.0,6.0,6.0,6.0,6.0,6.0
5.0,6.0,5.0,6.0,5.0,6.0,5.0,2.0,5.0,4.0,1.0
6.0,1.0,6.0,6.0,6.0,3.0,1.0,1.0,4.0,6.0,6.0
1.0,5.0,5.0,5.0,7.0,5.0,5.0,5.0,5.0,5.0,1.0
6.0,4.0,5.0,5.0,7.0,5.0,5.0,5.0,5.0,4.0,3.0
6.0,6.0,6.0,6.0,7.0,6.0,6.0,6.0,6.0,1.0,1.0
6.0,5.0,3.0,6.0,8.0,6.0,6.0,6.0,6.0,1.0,1.0
7.0,7.0,6.0,6.0,7.0,1.0,6.0,6.0,6.0,1.0,1.0
6.0,6.0,6.0,6.0,6.0,6.0,6.0,6.0,5.0,1.0,1.0
6.0,6.0,6.0,7.0,7.0,6.0,4.0,6.0,6.0,5.0,5.0
6.0,5.0,6.0,6.0,4.0,6.0,6.0,6.0,3.0,6.0,6.0
2.0,1.0,4.0,1.0,1.0,3.0,1.0,2.0,1.0,6.0,6.0
6.0,6.0,6.0,6.0,6.0,6.0,6.0,6.0,6.0,5.0,6.0
2.0,2.0,6.0,1.0,7.0,4.0,3.0,6.0,2.0,5.0,6.0
8.0,4.0,4.0,1.0,3.0,5.0,4.0,3.0,2.0,1.0,1.0
6.0,6.0,6.0,4.0,5.0,4.0,5.0,6.0,6.0,6.0,1.0
6.0,5.0,5.0,7.0,5.0,6.0,6.0,5.0,5.0,4.0,4.0
3.0,6.0,6.0,6.0,6.0,6.0,6.0,6.0,5.0,6.0,6.0
6.0,6.0,6.0,6.0,6.0,7.0,6.0,6.0,6.0,2.0,3.0
6.0,6.0,6.0,6.0,8.0,6.0,6.0,1.0,6.0,1.0,6.0
4.0,4.0,4.0,4.0,4.0,5.0,4.0,5.0,5.0,5.0,1.0
8.0,6.0,6.0,6.0,7.0,6.0,6.0,6.0,8.0,1.0,1.0
6.0,6.0,4.0,4.0,7.0,6.0,4.0,6.0,1.0,6.0,6.0
6.0,6.0,6.0,6.0,6.0,6.0,6.0,6.0,6.0,1.0,1.0
6.0,6.0,6.0,6.0,6.0,6.0,6.0,6.0,6.0,6.0,6.0
6.0,6.0,6.0,6.0,7.0,6.0,6.0,6.0,6.0,6.0,6.0
8.0,5.0,5.0,3.0,1.0,7.0,7.0,5.0,7.0,7.0,6.0
6.0,7.0,1.0,5.0,8.0,5.0,4.0,6.0,5.0,1.0,1.0
6.0,6.0,6.0,6.0,6.0,6.0,6.0,6.0,6.0,5.0,2.0
6.0,6.0,6.0,6.0,6.0,6.0,6.0,6.0,6.0,6.0,6.0
6.0,4.0,6.0,6.0,6.0,6.0,6.0,4.0,6.0,4.0,1.0
6.0,6.0,6.0,7.0,7.0,5.0,6.0,3.0,6.0,4.0,6.0
4.0,6.0,5.0,5.0,7.0,6.0,2.0,6.0,6.0,5.0,6.0
6.0,5.0,6.0,5.0,3.0,5.0,5.0,6.0,6.0,3.0,6.0
8.0,8.0,6.0,6.0,8.0,6.0,6.0,6.0,6.0,1.0,1.0
4.0,1.0,1.0,7.0,6.0,4.0,3.0,6.0,4.0,5.0,1.0
6.0,6.0,6.0,5.0,4.0,6.0,6.0,6.0,6.0,6.0,1.0
6.0,4.0,5.0,5.0,7.0,3.0,2.0,5.0,6.0,8.0,1.0
6.0,1.0,5.0,5.0,5.0,6.0,6.0,1.0,5.0,5.0,6.0
6.0,4.0,6.0,4.0,1.0,6.0,6.0,6.0,6.0,1.0,4.0
3.0,2.0,5.0,6.0,5.0,5.0,3.0,3.0,6.0,6.0,6.0
1.0,6.0,6.0,6.0,6.0,6.0,6.0,6.0,5.0,5.0,1.0
6.0,4.0,7.0,7.0,6.0,5.0,6.0,3.0,6.0,4.0,3.0
4.0,3.0,3.0,7.0,7.0,3.0,3.0,4.0,4.0,3.0,4.0
5.0,3.0,6.0,7.0,6.0,4.0,4.0,5.0,5.0,5.0,4.0
6.0,6.0,6.0,6.0,6.0,4.0,4.0,6.0,6.0,4.0,1.0
4.0,3.0,2.0,2.0,7.0,2.0,2.0,5.0,5.0,5.0,6.0
4.0,5.0,6.0,3.0,5.0,5.0,6.0,6.0,6.0,5.0,2.0
8.0,8.0,6.0,7.0,6.0,6.0,6.0,6.0,6.0,1.0,1.0
6.0,7.0,7.0,7.0,4.0,6.0,6.0,6.0,3.0,4.0,5.0
6.0,7.0,6.0,6.0,8.0,6.0,4.0,4.0,6.0,6.0,6.0
6.0,6.0,6.0,6.0,6.0,6.0,6.0,6.0,6.0,1.0,1.0
6.0,6.0,6.0,6.0,6.0,6.0,6.0,6.0,6.0,1.0,1.0
6.0,3.0,5.0,5.0,5.0,5.0,8.0,5.0,6.0,1.0,1.0
1.0,7.0,2.0,2.0,1.0,3.0,5.0,6.0,1.0,6.0,1.0
6.0,1.0,1.0,1.0,1.0,1.0,1.0,1.0,1.0,1.0,1.0
4.0,4.0,5.0,5.0,5.0,6.0,6.0,6.0,6.0,1.0,1.0
6.0,1.0,6.0,6.0,6.0,5.0,6.0,2.0,6.0,4.0,6.0
4.0,4.0,5.0,5.0,5.0,5.0,4.0,5.0,5.0,1.0,1.0
8.0,6.0,6.0,6.0,6.0,6.0,5.0,6.0,4.0,4.0,5.0
2.0,3.0,3.0,2.0,2.0,4.0,5.0,6.0,6.0,3.0,3.0
6.0,6.0,6.0,6.0,6.0,6.0,6.0,6.0,6.0,6.0,6.0
6.0,6.0,6.0,5.0,5.0,5.0,5.0,5.0,5.0,1.0,1.0
6.0,5.0,6.0,6.0,8.0,5.0,5.0,5.0,5.0,5.0,5.0
6.0,6.0,6.0,6.0,6.0,6.0,6.0,6.0,6.0,6.0,6.0
2.0,1.0,6.0,7.0,6.0,2.0,5.0,6.0,6.0,2.0,1.0
6.0,6.0,6.0,6.0,6.0,6.0,6.0,6.0,6.0,1.0,4.0
6.0,6.0,6.0,6.0,7.0,6.0,6.0,6.0,6.0,1.0,6.0
6.0,6.0,6.0,6.0,8.0,6.0,6.0,3.0,3.0,1.0,5.0
6.0,6.0,4.0,7.0,7.0,6.0,4.0,6.0,6.0,2.0,1.0
8.0,8.0,8.0,6.0,8.0,6.0,6.0,8.0,8.0,8.0,5.0
6.0,6.0,6.0,6.0,6.0,6.0,6.0,6.0,6.0,6.0,6.0
4.0,5.0,3.0,4.0,5.0,3.0,3.0,4.0,5.0,5.0,2.0
4.0,5.0,6.0,3.0,6.0,4.0,8.0,1.0,8.0,2.0,6.0
6.0,6.0,6.0,6.0,7.0,6.0,6.0,6.0,6.0,6.0,5.0
1.0,6.0,4.0,4.0,6.0,5.0,5.0,6.0,4.0,6.0,5.0
5.0,5.0,5.0,5.0,5.0,4.0,5.0,5.0,5.0,5.0,5.0
6.0,6.0,6.0,6.0,8.0,6.0,6.0,6.0,6.0,1.0,1.0
6.0,6.0,6.0,6.0,6.0,4.0,4.0,6.0,5.0,2.0,1.0
6.0,6.0,6.0,6.0,6.0,6.0,6.0,6.0,6.0,6.0,6.0
3.0,5.0,5.0,6.0,5.0,6.0,4.0,6.0,6.0,4.0,3.0
6.0,1.0,1.0,1.0,7.0,1.0,1.0,1.0,3.0,4.0,6.0
6.0,2.0,1.0,8.0,6.0,4.0,3.0,6.0,4.0,3.0,1.0
6.0,6.0,6.0,7.0,6.0,6.0,6.0,6.0,6.0,1.0,1.0
8.0,6.0,6.0,6.0,8.0,8.0,6.0,6.0,6.0,2.0,1.0
6.0,1.0,6.0,6.0,1.0,6.0,6.0,6.0,1.0,6.0,6.0
8.0,8.0,8.0,8.0,8.0,8.0,8.0,8.0,8.0,8.0,8.0
6.0,6.0,6.0,6.0,6.0,6.0,6.0,6.0,6.0,1.0,1.0
6.0,6.0,6.0,6.0,8.0,6.0,6.0,6.0,6.0,7.0,6.0
6.0,5.0,6.0,3.0,2.0,6.0,6.0,6.0,4.0,6.0,2.0
6.0,5.0,6.0,6.0,5.0,6.0,6.0,6.0,6.0,1.0,1.0
6.0,4.0,6.0,3.0,4.0,4.0,4.0,6.0,3.0,4.0,1.0
6.0,6.0,5.0,6.0,6.0,6.0,6.0,6.0,6.0,6.0,6.0
6.0,6.0,6.0,6.0,6.0,6.0,6.0,6.0,6.0,1.0,1.0
6.0,6.0,6.0,6.0,6.0,6.0,6.0,6.0,6.0,5.0,1.0
1.0,2.0,4.0,1.0,7.0,4.0,1.0,3.0,3.0,3.0,1.0
2.0,7.0,3.0,2.0,6.0,1.0,4.0,6.0,2.0,5.0,3.0
6.0,4.0,3.0,6.0,5.0,4.0,5.0,4.0,4.0,5.0,6.0
4.0,5.0,5.0,5.0,4.0,4.0,5.0,5.0,5.0,2.0,3.0
5.0,5.0,5.0,5.0,5.0,5.0,5.0,5.0,5.0,5.0,6.0
6.0,6.0,6.0,7.0,7.0,6.0,6.0,6.0,6.0,1.0,1.0
6.0,6.0,6.0,6.0,6.0,6.0,6.0,6.0,6.0,1.0,1.0
1.0,5.0,6.0,7.0,2.0,6.0,6.0,6.0,6.0,1.0,4.0
8.0,7.0,6.0,6.0,8.0,7.0,6.0,6.0,6.0,1.0,1.0
5.0,3.0,5.0,5.0,5.0,4.0,4.0,4.0,5.0,4.0,5.0
6.0,6.0,6.0,6.0,7.0,5.0,6.0,6.0,6.0,1.0,1.0
6.0,6.0,6.0,6.0,8.0,6.0,6.0,6.0,4.0,4.0,3.0
6.0,3.0,4.0,3.0,5.0,5.0,5.0,6.0,6.0,4.0,4.0
8.0,8.0,6.0,6.0,5.0,5.0,5.0,5.0,6.0,5.0,1.0
6.0,1.0,6.0,1.0,3.0,1.0,4.0,5.0,1.0,6.0,6.0
6.0,6.0,6.0,4.0,6.0,6.0,6.0,6.0,6.0,1.0,3.0
6.0,7.0,6.0,6.0,1.0,6.0,6.0,6.0,6.0,5.0,1.0
6.0,6.0,6.0,6.0,6.0,5.0,6.0,6.0,6.0,2.0,6.0
1.0,6.0,6.0,6.0,6.0,6.0,6.0,5.0,5.0,5.0,6.0
6.0,6.0,6.0,6.0,6.0,6.0,6.0,6.0,6.0,1.0,1.0
6.0,6.0,6.0,6.0,6.0,6.0,5.0,6.0,6.0,1.0,4.0
6.0,6.0,6.0,6.0,6.0,6.0,6.0,6.0,6.0,2.0,3.0
6.0,8.0,5.0,8.0,8.0,5.0,4.0,6.0,3.0,2.0,6.0
6.0,6.0,6.0,7.0,6.0,4.0,4.0,6.0,5.0,1.0,1.0
6.0,6.0,6.0,1.0,8.0,6.0,6.0,5.0,6.0,1.0,1.0
6.0,6.0,6.0,6.0,6.0,5.0,6.0,6.0,6.0,2.0,1.0
6.0,6.0,6.0,6.0,6.0,6.0,6.0,5.0,6.0,4.0,1.0
6.0,6.0,6.0,6.0,8.0,6.0,6.0,6.0,6.0,6.0,1.0
7.0,6.0,6.0,7.0,6.0,6.0,6.0,6.0,6.0,1.0,1.0
5.0,6.0,6.0,5.0,4.0,5.0,5.0,3.0,5.0,5.0,1.0
6.0,6.0,6.0,6.0,6.0,6.0,2.0,6.0,4.0,6.0,1.0
6.0,7.0,5.0,5.0,7.0,5.0,5.0,5.0,5.0,2.0,2.0
6.0,5.0,6.0,6.0,8.0,4.0,4.0,6.0,6.0,2.0,1.0
6.0,6.0,6.0,6.0,6.0,6.0,6.0,6.0,6.0,6.0,6.0
6.0,6.0,6.0,5.0,6.0,6.0,6.0,5.0,4.0,2.0,6.0
5.0,6.0,6.0,4.0,7.0,4.0,5.0,3.0,4.0,6.0,6.0
8.0,2.0,3.0,3.0,8.0,3.0,1.0,4.0,3.0,1.0,1.0
5.0,5.0,6.0,7.0,6.0,5.0,5.0,5.0,5.0,4.0,2.0
6.0,4.0,4.0,4.0,1.0,3.0,4.0,4.0,4.0,3.0,4.0
4.0,5.0,5.0,4.0,8.0,4.0,5.0,5.0,6.0,1.0,1.0
6.0,3.0,4.0,3.0,3.0,6.0,4.0,6.0,4.0,5.0,3.0
5.0,1.0,2.0,2.0,7.0,7.0,1.0,3.0,5.0,4.0,6.0
6.0,6.0,6.0,6.0,8.0,6.0,6.0,6.0,3.0,3.0,1.0
8.0,7.0,7.0,7.0,7.0,7.0,7.0,7.0,7.0,7.0,7.0
8.0,7.0,6.0,6.0,6.0,6.0,8.0,6.0,6.0,2.0,1.0
2.0,2.0,5.0,7.0,7.0,2.0,1.0,6.0,5.0,5.0,1.0
1.0,2.0,7.0,6.0,7.0,2.0,5.0,4.0,6.0,4.0,1.0
6.0,5.0,5.0,4.0,5.0,4.0,5.0,4.0,4.0,6.0,5.0
6.0,6.0,6.0,6.0,6.0,6.0,6.0,6.0,6.0,1.0,1.0
6.0,6.0,6.0,6.0,1.0,7.0,6.0,6.0,6.0,6.0,3.0
6.0,6.0,6.0,6.0,6.0,6.0,6.0,6.0,6.0,4.0,1.0
6.0,6.0,6.0,6.0,6.0,6.0,6.0,6.0,6.0,6.0,6.0
6.0,5.0,5.0,5.0,6.0,6.0,6.0,6.0,5.0,4.0,1.0
5.0,6.0,5.0,6.0,7.0,5.0,5.0,6.0,6.0,5.0,1.0
6.0,6.0,6.0,6.0,6.0,6.0,6.0,6.0,6.0,1.0,1.0
6.0,6.0,6.0,6.0,6.0,6.0,6.0,6.0,6.0,1.0,1.0
6.0,6.0,6.0,8.0,8.0,8.0,6.0,6.0,8.0,8.0,8.0
6.0,6.0,6.0,6.0,6.0,5.0,6.0,4.0,6.0,4.0,4.0
6.0,6.0,6.0,6.0,6.0,6.0,6.0,6.0,6.0,1.0,1.0
3.0,3.0,3.0,3.0,3.0,3.0,3.0,3.0,3.0,3.0,3.0
8.0,6.0,6.0,6.0,6.0,6.0,6.0,6.0,8.0,1.0,1.0
5.0,4.0,6.0,6.0,6.0,4.0,4.0,6.0,4.0,1.0,7.0
5.0,5.0,4.0,7.0,3.0,4.0,4.0,4.0,4.0,4.0,4.0
6.0,7.0,6.0,6.0,8.0,4.0,4.0,6.0,3.0,6.0,6.0
4.0,4.0,5.0,4.0,4.0,4.0,5.0,4.0,4.0,4.0,4.0
3.0,6.0,6.0,6.0,6.0,3.0,3.0,3.0,3.0,3.0,3.0
6.0,6.0,6.0,6.0,6.0,6.0,6.0,6.0,6.0,6.0,1.0
2.0,2.0,2.0,2.0,2.0,5.0,5.0,3.0,4.0,4.0,4.0
6.0,6.0,6.0,6.0,6.0,6.0,6.0,6.0,6.0,6.0,7.0
5.0,4.0,6.0,8.0,7.0,4.0,5.0,6.0,3.0,5.0,1.0
6.0,3.0,1.0,5.0,4.0,4.0,5.0,1.0,3.0,6.0,6.0
4.0,4.0,3.0,3.0,6.0,6.0,6.0,6.0,6.0,6.0,6.0
5.0,6.0,5.0,4.0,6.0,5.0,6.0,5.0,6.0,6.0,1.0
3.0,3.0,4.0,5.0,6.0,4.0,4.0,3.0,4.0,5.0,5.0
5.0,7.0,2.0,7.0,7.0,7.0,4.0,4.0,6.0,6.0,6.0
6.0,6.0,6.0,6.0,6.0,5.0,6.0,6.0,6.0,2.0,1.0
5.0,5.0,4.0,4.0,4.0,5.0,5.0,3.0,5.0,5.0,2.0
8.0,8.0,6.0,8.0,8.0,6.0,5.0,6.0,8.0,8.0,8.0
7.0,6.0,4.0,1.0,1.0,6.0,4.0,5.0,5.0,5.0,1.0
6.0,6.0,6.0,7.0,6.0,6.0,6.0,6.0,6.0,6.0,6.0
6.0,6.0,6.0,4.0,2.0,6.0,6.0,6.0,6.0,6.0,1.0
6.0,1.0,6.0,6.0,6.0,6.0,6.0,6.0,6.0,1.0,1.0
6.0,6.0,6.0,6.0,6.0,6.0,6.0,6.0,6.0,1.0,1.0
6.0,5.0,6.0,6.0,6.0,6.0,5.0,6.0,6.0,5.0,1.0
5.0,6.0,5.0,3.0,7.0,6.0,6.0,6.0,4.0,2.0,6.0
6.0,5.0,6.0,5.0,5.0,5.0,5.0,5.0,6.0,5.0,5.0
1.0,4.0,6.0,6.0,6.0,1.0,3.0,6.0,3.0,5.0,1.0
3.0,2.0,1.0,2.0,2.0,2.0,2.0,2.0,2.0,2.0,2.0
1.0,1.0,2.0,3.0,1.0,2.0,1.0,1.0,1.0,6.0,6.0
6.0,6.0,6.0,6.0,6.0,6.0,6.0,6.0,6.0,1.0,1.0
6.0,6.0,6.0,6.0,6.0,6.0,6.0,5.0,6.0,5.0,3.0
6.0,7.0,5.0,5.0,8.0,6.0,8.0,6.0,8.0,7.0,8.0
6.0,4.0,5.0,6.0,6.0,6.0,6.0,6.0,5.0,4.0,6.0
6.0,6.0,6.0,7.0,7.0,6.0,5.0,6.0,6.0,2.0,1.0
8.0,8.0,8.0,8.0,8.0,6.0,6.0,6.0,8.0,8.0,6.0
7.0,7.0,7.0,7.0,7.0,7.0,7.0,7.0,7.0,7.0,7.0
6.0,6.0,6.0,6.0,6.0,6.0,6.0,6.0,5.0,3.0,3.0
6.0,4.0,5.0,5.0,8.0,3.0,4.0,2.0,1.0,6.0,6.0
6.0,3.0,6.0,1.0,6.0,4.0,5.0,6.0,1.0,6.0,1.0
6.0,5.0,6.0,6.0,7.0,6.0,6.0,6.0,6.0,1.0,1.0
5.0,5.0,6.0,6.0,6.0,5.0,5.0,4.0,5.0,4.0,4.0
6.0,5.0,6.0,6.0,1.0,6.0,4.0,6.0,1.0,3.0,5.0
6.0,6.0,6.0,7.0,8.0,7.0,3.0,6.0,6.0,8.0,5.0
6.0,7.0,6.0,8.0,1.0,5.0,5.0,6.0,4.0,5.0,5.0
6.0,7.0,7.0,6.0,8.0,6.0,6.0,6.0,6.0,1.0,1.0
5.0,5.0,6.0,5.0,5.0,5.0,5.0,5.0,5.0,5.0,2.0
6.0,7.0,6.0,6.0,6.0,6.0,6.0,6.0,7.0,7.0,1.0
6.0,6.0,6.0,6.0,6.0,6.0,6.0,6.0,6.0,1.0,1.0
4.0,4.0,5.0,4.0,5.0,5.0,5.0,5.0,5.0,5.0,1.0
6.0,4.0,3.0,1.0,1.0,2.0,3.0,4.0,4.0,4.0,6.0
6.0,6.0,6.0,6.0,6.0,6.0,6.0,6.0,6.0,4.0,1.0
6.0,5.0,6.0,6.0,1.0,6.0,4.0,4.0,2.0,6.0,6.0
8.0,8.0,8.0,6.0,7.0,6.0,6.0,5.0,8.0,8.0,8.0
5.0,5.0,5.0,5.0,6.0,6.0,5.0,5.0,4.0,2.0,1.0
7.0,6.0,6.0,7.0,7.0,6.0,6.0,6.0,6.0,1.0,1.0
2.0,5.0,6.0,3.0,6.0,4.0,2.0,6.0,4.0,4.0,2.0
5.0,4.0,6.0,5.0,7.0,6.0,6.0,4.0,5.0,4.0,6.0
4.0,6.0,5.0,6.0,4.0,6.0,4.0,5.0,6.0,1.0,1.0
6.0,6.0,6.0,7.0,7.0,6.0,6.0,6.0,6.0,1.0,1.0
6.0,1.0,6.0,8.0,8.0,5.0,2.0,6.0,4.0,6.0,6.0
6.0,6.0,6.0,6.0,8.0,6.0,6.0,6.0,6.0,1.0,1.0
5.0,5.0,5.0,5.0,6.0,5.0,5.0,5.0,5.0,1.0,1.0
6.0,6.0,5.0,5.0,8.0,5.0,4.0,5.0,5.0,5.0,4.0
6.0,6.0,6.0,6.0,8.0,6.0,6.0,6.0,6.0,1.0,1.0
6.0,6.0,6.0,6.0,4.0,6.0,6.0,6.0,6.0,1.0,1.0
2.0,2.0,1.0,2.0,1.0,3.0,5.0,5.0,1.0,6.0,4.0
1.0,1.0,1.0,6.0,6.0,5.0,4.0,5.0,3.0,6.0,6.0
6.0,6.0,6.0,6.0,6.0,6.0,6.0,6.0,4.0,1.0,3.0
6.0,6.0,6.0,6.0,6.0,6.0,6.0,5.0,6.0,5.0,1.0
6.0,5.0,6.0,6.0,6.0,5.0,1.0,6.0,1.0,6.0,1.0
6.0,7.0,6.0,7.0,8.0,6.0,6.0,6.0,6.0,1.0,3.0
6.0,6.0,3.0,4.0,7.0,4.0,3.0,4.0,4.0,5.0,2.0
4.0,3.0,4.0,5.0,2.0,2.0,3.0,3.0,4.0,3.0,3.0
2.0,5.0,6.0,4.0,5.0,6.0,4.0,2.0,5.0,3.0,1.0
6.0,6.0,6.0,6.0,6.0,6.0,6.0,6.0,6.0,1.0,3.0
3.0,4.0,4.0,4.0,4.0,4.0,4.0,4.0,3.0,4.0,4.0
6.0,7.0,6.0,5.0,7.0,6.0,6.0,4.0,6.0,8.0,6.0
5.0,5.0,5.0,7.0,8.0,5.0,4.0,4.0,5.0,5.0,7.0
6.0,6.0,6.0,6.0,7.0,6.0,6.0,6.0,6.0,7.0,3.0
6.0,6.0,6.0,6.0,7.0,6.0,6.0,6.0,6.0,1.0,1.0
6.0,6.0,6.0,6.0,7.0,6.0,6.0,6.0,6.0,1.0,1.0
6.0,6.0,6.0,6.0,6.0,6.0,6.0,6.0,6.0,6.0,6.0
6.0,3.0,6.0,5.0,5.0,5.0,5.0,5.0,5.0,5.0,3.0
8.0,6.0,7.0,8.0,8.0,6.0,6.0,7.0,6.0,7.0,8.0
6.0,6.0,4.0,6.0,6.0,4.0,4.0,4.0,3.0,6.0,5.0
6.0,7.0,7.0,7.0,7.0,7.0,7.0,7.0,7.0,7.0,1.0
6.0,5.0,5.0,6.0,4.0,6.0,6.0,6.0,6.0,1.0,1.0
6.0,7.0,5.0,7.0,8.0,8.0,6.0,7.0,6.0,5.0,1.0
6.0,5.0,6.0,6.0,6.0,6.0,6.0,6.0,5.0,4.0,6.0
6.0,6.0,6.0,6.0,6.0,6.0,6.0,6.0,6.0,1.0,1.0
5.0,8.0,7.0,7.0,8.0,5.0,5.0,5.0,3.0,8.0,6.0
6.0,6.0,6.0,6.0,7.0,6.0,6.0,6.0,6.0,8.0,1.0
6.0,6.0,6.0,6.0,3.0,6.0,6.0,6.0,6.0,1.0,1.0
6.0,7.0,6.0,7.0,6.0,6.0,5.0,6.0,6.0,2.0,4.0
6.0,6.0,6.0,6.0,6.0,6.0,6.0,6.0,6.0,1.0,1.0
4.0,4.0,4.0,4.0,4.0,4.0,4.0,4.0,4.0,4.0,4.0
6.0,4.0,6.0,6.0,4.0,6.0,6.0,6.0,6.0,6.0,6.0
6.0,6.0,6.0,6.0,1.0,6.0,6.0,3.0,4.0,5.0,5.0
6.0,6.0,6.0,6.0,7.0,6.0,4.0,6.0,6.0,1.0,1.0
5.0,5.0,5.0,7.0,5.0,5.0,4.0,4.0,5.0,5.0,4.0
6.0,6.0,6.0,6.0,6.0,6.0,6.0,6.0,6.0,3.0,1.0
3.0,3.0,3.0,3.0,2.0,4.0,4.0,4.0,4.0,5.0,4.0
1.0,6.0,6.0,7.0,7.0,5.0,5.0,1.0,6.0,6.0,6.0
8.0,8.0,4.0,4.0,6.0,8.0,2.0,4.0,8.0,4.0,1.0
6.0,6.0,6.0,6.0,6.0,6.0,6.0,6.0,6.0,1.0,1.0
6.0,5.0,6.0,3.0,3.0,5.0,5.0,5.0,6.0,3.0,6.0
5.0,6.0,6.0,7.0,6.0,6.0,3.0,6.0,4.0,4.0,6.0
6.0,6.0,6.0,4.0,1.0,6.0,5.0,6.0,6.0,6.0,6.0
4.0,7.0,5.0,7.0,7.0,5.0,5.0,5.0,5.0,3.0,4.0
6.0,6.0,6.0,6.0,6.0,6.0,6.0,6.0,6.0,2.0,2.0
8.0,8.0,8.0,8.0,8.0,8.0,8.0,8.0,8.0,8.0,6.0
6.0,6.0,6.0,6.0,7.0,5.0,6.0,6.0,5.0,5.0,3.0
6.0,6.0,6.0,7.0,7.0,6.0,6.0,6.0,5.0,5.0,7.0
7.0,6.0,6.0,7.0,7.0,6.0,6.0,6.0,6.0,1.0,1.0
8.0,8.0,8.0,8.0,8.0,8.0,8.0,8.0,8.0,8.0,8.0
6.0,2.0,8.0,4.0,1.0,6.0,8.0,6.0,6.0,1.0,1.0
6.0,6.0,6.0,6.0,4.0,5.0,6.0,4.0,5.0,4.0,4.0
3.0,6.0,5.0,7.0,6.0,5.0,6.0,6.0,6.0,1.0,1.0
1.0,3.0,5.0,1.0,3.0,4.0,4.0,6.0,1.0,6.0,4.0
5.0,5.0,4.0,3.0,3.0,3.0,3.0,4.0,4.0,4.0,4.0
1.0,7.0,3.0,6.0,7.0,3.0,5.0,6.0,4.0,6.0,1.0
4.0,4.0,4.0,3.0,7.0,4.0,4.0,5.0,3.0,5.0,5.0
6.0,6.0,6.0,6.0,6.0,4.0,4.0,6.0,2.0,6.0,6.0
6.0,5.0,4.0,4.0,8.0,5.0,5.0,5.0,2.0,3.0,5.0
6.0,6.0,6.0,3.0,6.0,6.0,5.0,1.0,6.0,5.0,1.0
6.0,6.0,6.0,6.0,6.0,6.0,6.0,6.0,4.0,5.0,1.0
6.0,7.0,6.0,7.0,6.0,6.0,6.0,6.0,6.0,6.0,1.0
6.0,6.0,6.0,6.0,6.0,6.0,6.0,6.0,6.0,1.0,1.0
6.0,5.0,6.0,7.0,7.0,5.0,5.0,7.0,4.0,1.0,8.0
6.0,6.0,5.0,6.0,5.0,6.0,5.0,6.0,5.0,6.0,5.0
2.0,4.0,6.0,4.0,6.0,4.0,2.0,6.0,2.0,4.0,1.0
6.0,6.0,5.0,4.0,5.0,6.0,5.0,6.0,6.0,1.0,1.0
4.0,2.0,4.0,4.0,4.0,4.0,3.0,4.0,4.0,4.0,6.0
6.0,6.0,7.0,6.0,7.0,6.0,6.0,6.0,5.0,1.0,1.0
1.0,5.0,4.0,3.0,3.0,3.0,3.0,3.0,3.0,3.0,3.0
6.0,4.0,4.0,4.0,3.0,5.0,5.0,6.0,6.0,4.0,4.0
6.0,6.0,6.0,6.0,6.0,6.0,6.0,6.0,6.0,1.0,6.0
3.0,1.0,7.0,7.0,8.0,2.0,1.0,1.0,3.0,4.0,1.0
3.0,1.0,4.0,2.0,3.0,4.0,5.0,2.0,6.0,2.0,1.0
6.0,6.0,6.0,6.0,8.0,6.0,6.0,6.0,6.0,1.0,1.0
6.0,6.0,6.0,6.0,6.0,6.0,6.0,6.0,6.0,6.0,6.0
4.0,5.0,6.0,7.0,1.0,6.0,2.0,6.0,1.0,6.0,6.0
6.0,6.0,4.0,3.0,3.0,4.0,4.0,4.0,5.0,4.0,1.0
6.0,1.0,5.0,7.0,6.0,1.0,3.0,6.0,6.0,3.0,1.0
3.0,2.0,2.0,2.0,3.0,4.0,3.0,2.0,3.0,3.0,3.0
8.0,1.0,5.0,7.0,8.0,5.0,6.0,5.0,5.0,1.0,4.0
5.0,4.0,2.0,4.0,5.0,4.0,4.0,5.0,5.0,4.0,6.0
4.0,3.0,5.0,2.0,2.0,2.0,3.0,5.0,3.0,5.0,4.0
7.0,7.0,7.0,7.0,7.0,7.0,7.0,7.0,7.0,7.0,7.0
8.0,7.0,4.0,5.0,8.0,6.0,4.0,8.0,8.0,8.0,5.0
6.0,7.0,6.0,7.0,7.0,8.0,4.0,6.0,4.0,6.0,6.0
6.0,6.0,6.0,6.0,6.0,6.0,6.0,6.0,5.0,6.0,6.0
6.0,3.0,4.0,4.0,1.0,4.0,4.0,5.0,3.0,4.0,1.0
6.0,6.0,4.0,6.0,1.0,5.0,5.0,4.0,6.0,4.0,1.0
8.0,8.0,8.0,8.0,6.0,8.0,8.0,8.0,8.0,8.0,6.0
8.0,8.0,6.0,6.0,8.0,6.0,5.0,6.0,6.0,1.0,1.0
6.0,6.0,6.0,6.0,6.0,6.0,6.0,6.0,6.0,1.0,1.0
1.0,6.0,5.0,2.0,2.0,6.0,6.0,6.0,4.0,6.0,2.0
5.0,5.0,5.0,5.0,5.0,5.0,5.0,5.0,5.0,6.0,5.0
6.0,6.0,5.0,5.0,7.0,6.0,6.0,6.0,4.0,5.0,4.0
6.0,6.0,5.0,5.0,6.0,6.0,6.0,5.0,4.0,2.0,1.0
4.0,4.0,4.0,4.0,4.0,4.0,4.0,4.0,4.0,4.0,4.0
6.0,6.0,6.0,6.0,6.0,6.0,6.0,6.0,6.0,6.0,6.0
8.0,8.0,8.0,6.0,6.0,8.0,8.0,6.0,6.0,6.0,1.0
6.0,7.0,1.0,1.0,5.0,3.0,2.0,5.0,6.0,6.0,1.0
6.0,2.0,6.0,4.0,6.0,6.0,6.0,6.0,6.0,3.0,1.0
8.0,6.0,6.0,6.0,8.0,6.0,6.0,6.0,8.0,8.0,8.0
6.0,7.0,7.0,7.0,6.0,6.0,6.0,6.0,1.0,6.0,6.0
6.0,4.0,4.0,3.0,1.0,3.0,3.0,1.0,1.0,6.0,6.0
6.0,6.0,6.0,1.0,6.0,6.0,6.0,6.0,1.0,6.0,6.0
6.0,7.0,7.0,8.0,8.0,4.0,3.0,6.0,6.0,1.0,1.0
6.0,5.0,6.0,6.0,6.0,6.0,6.0,6.0,6.0,6.0,6.0
6.0,6.0,6.0,6.0,6.0,6.0,6.0,6.0,6.0,6.0,1.0
6.0,2.0,6.0,3.0,6.0,3.0,3.0,6.0,6.0,3.0,2.0
4.0,4.0,4.0,4.0,4.0,4.0,4.0,4.0,4.0,4.0,4.0
1.0,2.0,3.0,2.0,2.0,2.0,4.0,5.0,5.0,3.0,4.0
6.0,6.0,6.0,6.0,6.0,6.0,6.0,6.0,6.0,1.0,1.0
2.0,6.0,6.0,6.0,6.0,6.0,6.0,6.0,6.0,1.0,8.0
6.0,2.0,2.0,1.0,3.0,3.0,3.0,4.0,5.0,4.0,4.0
6.0,6.0,6.0,6.0,6.0,6.0,6.0,6.0,6.0,1.0,1.0
3.0,4.0,2.0,4.0,1.0,5.0,4.0,5.0,2.0,6.0,6.0
1.0,1.0,6.0,8.0,6.0,1.0,1.0,3.0,6.0,1.0,6.0
6.0,6.0,6.0,6.0,6.0,6.0,6.0,6.0,6.0,6.0,6.0
5.0,7.0,3.0,7.0,7.0,4.0,6.0,6.0,5.0,3.0,7.0
6.0,6.0,6.0,6.0,6.0,6.0,6.0,6.0,6.0,1.0,1.0
6.0,6.0,6.0,8.0,8.0,6.0,6.0,6.0,6.0,1.0,6.0
4.0,6.0,6.0,6.0,6.0,6.0,5.0,6.0,6.0,1.0,1.0
7.0,4.0,5.0,5.0,5.0,5.0,4.0,5.0,5.0,5.0,5.0
6.0,6.0,6.0,6.0,6.0,6.0,6.0,6.0,6.0,8.0,8.0
4.0,4.0,5.0,7.0,7.0,6.0,5.0,4.0,4.0,4.0,6.0
1.0,7.0,7.0,7.0,7.0,5.0,5.0,6.0,1.0,6.0,6.0
5.0,7.0,5.0,7.0,5.0,6.0,6.0,6.0,6.0,1.0,1.0
5.0,7.0,5.0,5.0,6.0,4.0,4.0,6.0,5.0,3.0,2.0
6.0,6.0,6.0,6.0,6.0,6.0,6.0,6.0,6.0,1.0,1.0
6.0,4.0,6.0,6.0,6.0,6.0,6.0,6.0,6.0,4.0,1.0
6.0,6.0,6.0,5.0,6.0,6.0,6.0,6.0,6.0,1.0,1.0
4.0,6.0,6.0,6.0,7.0,6.0,6.0,6.0,6.0,8.0,3.0
6.0,3.0,6.0,4.0,6.0,6.0,6.0,6.0,6.0,6.0,6.0
4.0,4.0,4.0,3.0,4.0,4.0,4.0,4.0,4.0,1.0,1.0
3.0,2.0,4.0,7.0,5.0,6.0,5.0,5.0,4.0,5.0,6.0
7.0,7.0,7.0,8.0,8.0,5.0,5.0,5.0,3.0,4.0,7.0
6.0,4.0,6.0,6.0,6.0,6.0,6.0,4.0,4.0,4.0,4.0
6.0,6.0,6.0,6.0,1.0,6.0,6.0,6.0,6.0,1.0,8.0
3.0,1.0,1.0,2.0,2.0,2.0,2.0,2.0,2.0,1.0,1.0
7.0,6.0,6.0,6.0,6.0,6.0,6.0,6.0,6.0,6.0,7.0
6.0,5.0,5.0,8.0,6.0,6.0,5.0,6.0,5.0,1.0,1.0
7.0,7.0,7.0,7.0,7.0,5.0,4.0,5.0,5.0,4.0,5.0
6.0,3.0,3.0,1.0,6.0,3.0,3.0,6.0,2.0,4.0,3.0
6.0,6.0,6.0,6.0,6.0,6.0,6.0,6.0,6.0,1.0,1.0
4.0,7.0,6.0,7.0,7.0,5.0,4.0,5.0,5.0,1.0,1.0
6.0,4.0,4.0,6.0,8.0,3.0,3.0,6.0,3.0,6.0,1.0
6.0,6.0,6.0,7.0,7.0,5.0,5.0,6.0,5.0,1.0,1.0
6.0,5.0,6.0,7.0,5.0,4.0,4.0,5.0,3.0,5.0,1.0
6.0,6.0,6.0,6.0,8.0,6.0,6.0,6.0,6.0,6.0,1.0
2.0,2.0,4.0,4.0,4.0,5.0,5.0,4.0,4.0,1.0,1.0
6.0,5.0,6.0,5.0,6.0,6.0,6.0,6.0,6.0,1.0,1.0
8.0,7.0,6.0,7.0,8.0,8.0,8.0,6.0,6.0,8.0,8.0
6.0,6.0,6.0,5.0,8.0,6.0,6.0,6.0,6.0,1.0,1.0
3.0,1.0,5.0,5.0,1.0,6.0,5.0,6.0,1.0,6.0,5.0
6.0,6.0,6.0,6.0,8.0,6.0,6.0,6.0,6.0,1.0,1.0
5.0,5.0,4.0,1.0,3.0,5.0,5.0,5.0,4.0,5.0,6.0
6.0,6.0,6.0,6.0,5.0,6.0,6.0,6.0,6.0,1.0,1.0
6.0,6.0,6.0,6.0,6.0,5.0,5.0,6.0,6.0,1.0,1.0
6.0,6.0,6.0,6.0,8.0,6.0,4.0,6.0,4.0,5.0,6.0
7.0,6.0,6.0,5.0,8.0,8.0,6.0,6.0,6.0,1.0,6.0
6.0,6.0,5.0,6.0,6.0,6.0,6.0,6.0,6.0,1.0,1.0
6.0,6.0,6.0,6.0,6.0,6.0,6.0,6.0,6.0,6.0,1.0
6.0,6.0,6.0,6.0,6.0,6.0,6.0,6.0,6.0,1.0,1.0
6.0,4.0,6.0,7.0,8.0,5.0,4.0,8.0,4.0,7.0,1.0
7.0,6.0,6.0,7.0,7.0,6.0,6.0,6.0,6.0,7.0,1.0
4.0,1.0,6.0,5.0,6.0,4.0,5.0,6.0,6.0,1.0,1.0
6.0,6.0,6.0,6.0,6.0,6.0,6.0,6.0,6.0,6.0,1.0
6.0,6.0,6.0,6.0,6.0,6.0,6.0,6.0,6.0,1.0,1.0
5.0,4.0,5.0,2.0,4.0,3.0,4.0,5.0,5.0,3.0,4.0
6.0,5.0,6.0,5.0,5.0,6.0,6.0,5.0,4.0,3.0,5.0
6.0,4.0,6.0,5.0,6.0,6.0,6.0,4.0,6.0,1.0,1.0
6.0,6.0,6.0,6.0,6.0,6.0,6.0,6.0,5.0,5.0,6.0
6.0,4.0,4.0,5.0,6.0,4.0,3.0,6.0,4.0,4.0,1.0
6.0,6.0,6.0,6.0,7.0,6.0,6.0,6.0,6.0,6.0,8.0
6.0,6.0,6.0,6.0,5.0,6.0,6.0,6.0,5.0,6.0,2.0
7.0,6.0,3.0,7.0,7.0,3.0,8.0,7.0,3.0,2.0,7.0
7.0,6.0,6.0,6.0,6.0,6.0,6.0,7.0,6.0,1.0,1.0
6.0,6.0,6.0,6.0,6.0,6.0,6.0,6.0,6.0,6.0,1.0
6.0,6.0,6.0,6.0,6.0,6.0,6.0,6.0,6.0,1.0,1.0
5.0,3.0,4.0,4.0,5.0,2.0,2.0,1.0,3.0,6.0,6.0
6.0,6.0,6.0,6.0,6.0,6.0,6.0,6.0,6.0,6.0,6.0
6.0,7.0,6.0,7.0,7.0,6.0,6.0,6.0,5.0,2.0,6.0
6.0,5.0,5.0,6.0,6.0,5.0,5.0,5.0,5.0,4.0,2.0
6.0,6.0,6.0,6.0,6.0,6.0,6.0,6.0,6.0,6.0,6.0
6.0,1.0,1.0,3.0,1.0,5.0,4.0,6.0,4.0,6.0,6.0
6.0,6.0,6.0,6.0,7.0,6.0,6.0,6.0,6.0,1.0,6.0
6.0,6.0,6.0,6.0,8.0,6.0,6.0,6.0,6.0,1.0,1.0
6.0,7.0,6.0,6.0,6.0,5.0,3.0,6.0,4.0,5.0,1.0
2.0,2.0,2.0,2.0,3.0,2.0,2.0,2.0,2.0,6.0,1.0
6.0,1.0,6.0,6.0,6.0,6.0,6.0,6.0,1.0,1.0,1.0
3.0,7.0,4.0,7.0,7.0,4.0,4.0,5.0,6.0,6.0,6.0
6.0,6.0,6.0,6.0,6.0,6.0,6.0,6.0,6.0,1.0,1.0
4.0,7.0,5.0,3.0,5.0,5.0,4.0,4.0,5.0,4.0,6.0
6.0,6.0,6.0,6.0,6.0,6.0,6.0,6.0,6.0,6.0,6.0
6.0,6.0,6.0,7.0,8.0,6.0,6.0,6.0,6.0,1.0,1.0
6.0,5.0,5.0,4.0,8.0,6.0,5.0,3.0,4.0,7.0,3.0
6.0,1.0,6.0,7.0,1.0,6.0,6.0,6.0,6.0,1.0,5.0
6.0,6.0,6.0,7.0,6.0,8.0,8.0,6.0,7.0,1.0,1.0
6.0,6.0,6.0,4.0,7.0,6.0,6.0,6.0,6.0,1.0,1.0
2.0,1.0,1.0,2.0,3.0,2.0,3.0,2.0,5.0,4.0,2.0
7.0,8.0,7.0,7.0,7.0,7.0,6.0,7.0,4.0,4.0,7.0
5.0,6.0,6.0,7.0,6.0,4.0,4.0,5.0,6.0,1.0,6.0
7.0,7.0,3.0,1.0,1.0,7.0,7.0,1.0,1.0,6.0,6.0
5.0,6.0,6.0,6.0,6.0,6.0,6.0,6.0,6.0,6.0,5.0
1.0,3.0,6.0,2.0,1.0,6.0,1.0,6.0,6.0,6.0,6.0
6.0,6.0,6.0,6.0,6.0,6.0,5.0,6.0,6.0,1.0,1.0
6.0,1.0,6.0,6.0,6.0,3.0,3.0,3.0,3.0,5.0,1.0
5.0,5.0,5.0,5.0,8.0,5.0,5.0,6.0,6.0,1.0,1.0
5.0,2.0,5.0,2.0,2.0,6.0,6.0,6.0,3.0,8.0,6.0
6.0,7.0,6.0,6.0,1.0,6.0,6.0,6.0,6.0,1.0,1.0
5.0,5.0,5.0,5.0,4.0,6.0,5.0,1.0,4.0,5.0,6.0
6.0,5.0,5.0,5.0,5.0,5.0,5.0,5.0,5.0,5.0,5.0
8.0,8.0,8.0,6.0,8.0,8.0,8.0,6.0,8.0,8.0,8.0
3.0,3.0,3.0,3.0,3.0,4.0,3.0,2.0,3.0,2.0,3.0
1.0,4.0,5.0,5.0,5.0,4.0,4.0,5.0,6.0,1.0,1.0
6.0,6.0,6.0,5.0,5.0,6.0,6.0,6.0,6.0,1.0,5.0
6.0,7.0,6.0,7.0,8.0,6.0,6.0,8.0,8.0,8.0,1.0
6.0,6.0,6.0,4.0,4.0,6.0,6.0,6.0,6.0,1.0,1.0
6.0,6.0,5.0,5.0,6.0,6.0,6.0,6.0,6.0,6.0,1.0
6.0,7.0,6.0,6.0,6.0,6.0,6.0,6.0,6.0,6.0,6.0
5.0,7.0,1.0,7.0,7.0,5.0,5.0,6.0,4.0,3.0,3.0
6.0,6.0,6.0,6.0,5.0,6.0,5.0,6.0,6.0,5.0,2.0
7.0,6.0,6.0,6.0,7.0,6.0,6.0,6.0,6.0,1.0,1.0
5.0,5.0,5.0,5.0,5.0,5.0,5.0,5.0,5.0,5.0,5.0
6.0,5.0,5.0,7.0,4.0,6.0,6.0,6.0,5.0,3.0,1.0
7.0,7.0,6.0,7.0,6.0,6.0,6.0,6.0,6.0,1.0,1.0
6.0,6.0,6.0,6.0,6.0,6.0,6.0,6.0,6.0,1.0,1.0
6.0,6.0,6.0,5.0,6.0,4.0,4.0,4.0,2.0,2.0,6.0
1.0,1.0,1.0,4.0,1.0,1.0,4.0,6.0,6.0,1.0,1.0
7.0,6.0,6.0,6.0,7.0,6.0,6.0,6.0,6.0,7.0,8.0
7.0,8.0,8.0,7.0,6.0,7.0,6.0,8.0,8.0,6.0,8.0
6.0,6.0,6.0,6.0,6.0,6.0,6.0,6.0,6.0,1.0,1.0
4.0,4.0,4.0,7.0,3.0,4.0,4.0,4.0,3.0,5.0,6.0
6.0,3.0,3.0,3.0,5.0,5.0,5.0,5.0,4.0,6.0,3.0
4.0,4.0,4.0,4.0,4.0,4.0,4.0,4.0,4.0,4.0,4.0
6.0,6.0,6.0,6.0,8.0,6.0,6.0,6.0,6.0,4.0,1.0
8.0,1.0,3.0,7.0,1.0,1.0,1.0,2.0,2.0,5.0,6.0
6.0,3.0,3.0,5.0,5.0,5.0,5.0,4.0,3.0,3.0,4.0
1.0,5.0,6.0,6.0,3.0,3.0,4.0,4.0,4.0,4.0,1.0
6.0,6.0,6.0,5.0,6.0,5.0,5.0,6.0,6.0,6.0,6.0
6.0,6.0,6.0,6.0,8.0,6.0,6.0,6.0,6.0,1.0,1.0
6.0,6.0,6.0,6.0,8.0,6.0,4.0,6.0,3.0,6.0,1.0
6.0,6.0,6.0,7.0,7.0,6.0,6.0,6.0,6.0,1.0,1.0
1.0,6.0,5.0,7.0,7.0,2.0,3.0,6.0,2.0,3.0,1.0
6.0,6.0,6.0,7.0,5.0,5.0,5.0,5.0,4.0,6.0,1.0
5.0,5.0,5.0,5.0,5.0,5.0,5.0,5.0,5.0,5.0,5.0
5.0,6.0,6.0,5.0,6.0,6.0,6.0,6.0,5.0,1.0,6.0
1.0,2.0,6.0,3.0,7.0,4.0,6.0,6.0,6.0,1.0,1.0
5.0,3.0,6.0,6.0,7.0,5.0,6.0,6.0,6.0,1.0,4.0
8.0,7.0,6.0,6.0,6.0,6.0,6.0,6.0,6.0,8.0,1.0
7.0,6.0,6.0,7.0,8.0,6.0,6.0,6.0,6.0,7.0,1.0
4.0,5.0,6.0,6.0,6.0,6.0,6.0,6.0,6.0,4.0,5.0
7.0,7.0,7.0,1.0,6.0,7.0,7.0,7.0,6.0,1.0,1.0
6.0,7.0,6.0,6.0,8.0,6.0,6.0,6.0,5.0,1.0,1.0
8.0,8.0,8.0,8.0,6.0,5.0,8.0,6.0,8.0,8.0,7.0
8.0,8.0,6.0,7.0,8.0,4.0,5.0,6.0,6.0,8.0,1.0
1.0,5.0,6.0,3.0,6.0,4.0,4.0,5.0,4.0,5.0,5.0
7.0,7.0,7.0,7.0,7.0,7.0,7.0,7.0,7.0,7.0,7.0
6.0,2.0,5.0,7.0,7.0,5.0,5.0,4.0,6.0,6.0,7.0
6.0,6.0,6.0,6.0,6.0,6.0,6.0,6.0,5.0,1.0,1.0
6.0,5.0,6.0,5.0,8.0,4.0,4.0,6.0,6.0,2.0,3.0
4.0,4.0,5.0,5.0,8.0,4.0,5.0,6.0,6.0,5.0,1.0
6.0,6.0,6.0,6.0,6.0,6.0,6.0,6.0,6.0,6.0,6.0
6.0,1.0,6.0,3.0,1.0,5.0,6.0,6.0,1.0,6.0,6.0
6.0,1.0,6.0,6.0,8.0,6.0,6.0,6.0,6.0,1.0,1.0
1.0,3.0,5.0,4.0,7.0,4.0,4.0,4.0,3.0,4.0,3.0
7.0,7.0,7.0,7.0,7.0,7.0,7.0,7.0,7.0,7.0,7.0
6.0,4.0,4.0,5.0,8.0,7.0,4.0,5.0,5.0,2.0,1.0
5.0,4.0,6.0,4.0,6.0,4.0,5.0,6.0,4.0,2.0,1.0
6.0,5.0,5.0,8.0,8.0,6.0,6.0,6.0,6.0,1.0,1.0
7.0,7.0,6.0,7.0,7.0,6.0,6.0,6.0,1.0,6.0,8.0
6.0,6.0,6.0,6.0,8.0,6.0,6.0,6.0,6.0,1.0,6.0
6.0,5.0,6.0,5.0,6.0,5.0,5.0,5.0,5.0,5.0,5.0
8.0,8.0,6.0,7.0,7.0,8.0,5.0,6.0,6.0,8.0,1.0
8.0,7.0,1.0,2.0,8.0,5.0,6.0,6.0,6.0,6.0,1.0
6.0,6.0,6.0,6.0,6.0,6.0,6.0,6.0,6.0,6.0,6.0
5.0,5.0,5.0,4.0,3.0,4.0,5.0,5.0,5.0,5.0,4.0
5.0,5.0,6.0,4.0,6.0,2.0,2.0,5.0,5.0,4.0,1.0
6.0,7.0,6.0,7.0,6.0,6.0,6.0,6.0,6.0,6.0,1.0
6.0,5.0,6.0,4.0,7.0,4.0,6.0,6.0,4.0,7.0,1.0
8.0,8.0,6.0,7.0,6.0,8.0,6.0,6.0,6.0,1.0,1.0
6.0,4.0,5.0,5.0,5.0,6.0,6.0,3.0,6.0,4.0,2.0
5.0,5.0,3.0,4.0,6.0,4.0,4.0,5.0,6.0,4.0,4.0
6.0,1.0,5.0,1.0,6.0,4.0,4.0,6.0,4.0,1.0,1.0
6.0,7.0,6.0,6.0,6.0,6.0,5.0,5.0,5.0,5.0,1.0
6.0,6.0,4.0,4.0,1.0,6.0,6.0,6.0,6.0,1.0,1.0
4.0,1.0,3.0,6.0,6.0,5.0,5.0,6.0,6.0,1.0,1.0
5.0,3.0,3.0,5.0,1.0,4.0,4.0,5.0,5.0,5.0,4.0
6.0,6.0,4.0,5.0,7.0,6.0,6.0,6.0,6.0,1.0,1.0
6.0,5.0,5.0,6.0,7.0,6.0,5.0,6.0,6.0,5.0,5.0
2.0,1.0,6.0,6.0,7.0,1.0,1.0,6.0,4.0,6.0,1.0
4.0,4.0,6.0,6.0,6.0,5.0,5.0,4.0,3.0,5.0,5.0
6.0,6.0,6.0,6.0,6.0,6.0,6.0,6.0,6.0,6.0,1.0
2.0,6.0,5.0,2.0,1.0,6.0,6.0,4.0,1.0,6.0,6.0
6.0,6.0,6.0,6.0,6.0,6.0,6.0,6.0,6.0,1.0,1.0
6.0,6.0,1.0,6.0,1.0,6.0,6.0,6.0,6.0,6.0,2.0
6.0,5.0,5.0,6.0,5.0,5.0,5.0,5.0,5.0,1.0,1.0
6.0,6.0,6.0,6.0,6.0,6.0,6.0,6.0,5.0,4.0,5.0
6.0,6.0,6.0,4.0,8.0,6.0,6.0,6.0,6.0,6.0,4.0
5.0,5.0,5.0,5.0,5.0,5.0,5.0,5.0,5.0,5.0,5.0
5.0,6.0,6.0,6.0,4.0,5.0,5.0,6.0,6.0,5.0,1.0
6.0,6.0,6.0,7.0,7.0,4.0,3.0,3.0,1.0,6.0,6.0
6.0,4.0,6.0,7.0,6.0,4.0,4.0,6.0,5.0,5.0,5.0
6.0,6.0,6.0,6.0,6.0,1.0,1.0,6.0,6.0,1.0,1.0
4.0,4.0,5.0,5.0,5.0,4.0,5.0,3.0,5.0,3.0,5.0
6.0,7.0,2.0,8.0,8.0,1.0,2.0,4.0,5.0,5.0,7.0
6.0,6.0,6.0,6.0,6.0,6.0,6.0,6.0,6.0,1.0,1.0
3.0,6.0,6.0,7.0,6.0,6.0,6.0,6.0,6.0,1.0,1.0
6.0,6.0,6.0,6.0,6.0,6.0,6.0,6.0,6.0,1.0,1.0
6.0,6.0,6.0,6.0,7.0,6.0,4.0,6.0,4.0,3.0,3.0
6.0,6.0,4.0,6.0,6.0,4.0,4.0,6.0,1.0,6.0,6.0
7.0,7.0,7.0,7.0,7.0,7.0,7.0,7.0,7.0,7.0,7.0
6.0,7.0,7.0,7.0,7.0,7.0,2.0,3.0,2.0,6.0,1.0
3.0,3.0,5.0,3.0,5.0,5.0,5.0,6.0,5.0,1.0,1.0
6.0,7.0,6.0,6.0,6.0,6.0,6.0,6.0,6.0,2.0,1.0
6.0,6.0,5.0,4.0,8.0,6.0,4.0,3.0,3.0,6.0,6.0
6.0,6.0,6.0,6.0,6.0,6.0,6.0,6.0,6.0,1.0,2.0
6.0,6.0,6.0,6.0,6.0,6.0,6.0,6.0,5.0,4.0,4.0
6.0,5.0,6.0,5.0,6.0,5.0,6.0,6.0,6.0,1.0,1.0
6.0,3.0,4.0,7.0,7.0,4.0,5.0,6.0,6.0,1.0,1.0
6.0,6.0,5.0,5.0,7.0,6.0,6.0,6.0,6.0,6.0,6.0
6.0,6.0,6.0,6.0,6.0,6.0,6.0,6.0,4.0,4.0,4.0
6.0,5.0,6.0,6.0,8.0,6.0,6.0,6.0,6.0,8.0,1.0
5.0,3.0,3.0,5.0,8.0,2.0,3.0,5.0,5.0,7.0,1.0
6.0,6.0,6.0,6.0,6.0,6.0,6.0,6.0,6.0,6.0,6.0
6.0,5.0,5.0,5.0,5.0,5.0,5.0,5.0,5.0,5.0,5.0
8.0,8.0,6.0,7.0,7.0,6.0,6.0,3.0,4.0,2.0,6.0
6.0,6.0,6.0,8.0,6.0,6.0,3.0,6.0,6.0,1.0,1.0
1.0,6.0,6.0,6.0,6.0,6.0,6.0,6.0,4.0,1.0,1.0
5.0,4.0,5.0,5.0,5.0,5.0,5.0,5.0,5.0,1.0,4.0
6.0,6.0,6.0,6.0,7.0,6.0,6.0,6.0,6.0,3.0,1.0
6.0,6.0,6.0,6.0,6.0,6.0,6.0,6.0,6.0,4.0,1.0
5.0,5.0,4.0,5.0,3.0,3.0,5.0,3.0,4.0,4.0,3.0
5.0,4.0,6.0,6.0,6.0,5.0,5.0,6.0,6.0,2.0,1.0
6.0,6.0,6.0,6.0,6.0,6.0,6.0,6.0,6.0,1.0,1.0
1.0,2.0,5.0,7.0,7.0,4.0,2.0,2.0,1.0,6.0,6.0
2.0,2.0,3.0,3.0,3.0,4.0,3.0,3.0,4.0,3.0,6.0
2.0,7.0,7.0,7.0,8.0,5.0,5.0,6.0,6.0,4.0,1.0
6.0,6.0,6.0,5.0,6.0,5.0,5.0,6.0,6.0,1.0,1.0
1.0,3.0,4.0,3.0,3.0,3.0,3.0,3.0,1.0,6.0,1.0
6.0,7.0,7.0,7.0,6.0,6.0,6.0,6.0,6.0,1.0,1.0
6.0,1.0,6.0,1.0,6.0,6.0,6.0,6.0,4.0,6.0,6.0
5.0,4.0,4.0,3.0,3.0,2.0,2.0,5.0,4.0,5.0,6.0
6.0,5.0,6.0,6.0,6.0,6.0,6.0,6.0,5.0,2.0,2.0
5.0,4.0,5.0,5.0,5.0,4.0,5.0,1.0,5.0,4.0,6.0
6.0,1.0,6.0,1.0,6.0,3.0,6.0,6.0,6.0,6.0,4.0
6.0,4.0,4.0,3.0,4.0,4.0,5.0,5.0,5.0,2.0,1.0
6.0,6.0,6.0,3.0,3.0,5.0,6.0,6.0,6.0,1.0,1.0
6.0,6.0,6.0,6.0,6.0,6.0,6.0,5.0,5.0,4.0,6.0
7.0,6.0,5.0,5.0,7.0,6.0,5.0,4.0,5.0,3.0,1.0
6.0,6.0,7.0,7.0,7.0,6.0,6.0,6.0,6.0,1.0,1.0
6.0,6.0,6.0,6.0,8.0,6.0,6.0,6.0,6.0,1.0,5.0
4.0,4.0,4.0,7.0,7.0,5.0,5.0,6.0,4.0,4.0,6.0
6.0,6.0,6.0,6.0,8.0,6.0,6.0,4.0,6.0,1.0,1.0
6.0,8.0,6.0,5.0,5.0,6.0,6.0,6.0,6.0,1.0,1.0
6.0,5.0,6.0,6.0,7.0,6.0,6.0,6.0,6.0,4.0,1.0
4.0,1.0,6.0,6.0,5.0,2.0,5.0,6.0,4.0,4.0,6.0
6.0,6.0,6.0,6.0,6.0,6.0,6.0,6.0,6.0,6.0,6.0
6.0,6.0,6.0,8.0,8.0,6.0,6.0,6.0,6.0,1.0,1.0
6.0,6.0,6.0,6.0,6.0,6.0,6.0,6.0,6.0,1.0,1.0
6.0,6.0,6.0,6.0,6.0,6.0,6.0,6.0,6.0,1.0,1.0
6.0,6.0,6.0,6.0,6.0,6.0,6.0,6.0,6.0,6.0,6.0
6.0,7.0,6.0,7.0,7.0,6.0,6.0,6.0,6.0,1.0,1.0
6.0,7.0,6.0,5.0,6.0,5.0,5.0,3.0,6.0,1.0,5.0
6.0,6.0,6.0,6.0,6.0,6.0,6.0,6.0,8.0,8.0,8.0
6.0,7.0,7.0,2.0,8.0,6.0,5.0,6.0,5.0,5.0,1.0
6.0,6.0,5.0,6.0,2.0,5.0,5.0,6.0,4.0,4.0,1.0
6.0,6.0,6.0,6.0,6.0,5.0,5.0,6.0,5.0,1.0,1.0
6.0,6.0,6.0,6.0,7.0,6.0,7.0,6.0,6.0,7.0,7.0
4.0,5.0,4.0,2.0,3.0,3.0,3.0,5.0,4.0,1.0,6.0
1.0,7.0,3.0,1.0,7.0,1.0,3.0,4.0,4.0,6.0,1.0
6.0,1.0,5.0,4.0,4.0,5.0,4.0,2.0,6.0,4.0,6.0
6.0,5.0,2.0,6.0,7.0,4.0,6.0,6.0,6.0,6.0,8.0
4.0,3.0,4.0,4.0,3.0,5.0,3.0,1.0,5.0,6.0,4.0
6.0,6.0,6.0,2.0,4.0,6.0,6.0,4.0,6.0,1.0,2.0
8.0,8.0,6.0,6.0,8.0,8.0,6.0,7.0,8.0,8.0,4.0
6.0,6.0,6.0,6.0,6.0,6.0,6.0,6.0,6.0,1.0,1.0
6.0,6.0,5.0,4.0,4.0,4.0,6.0,6.0,6.0,6.0,6.0
6.0,6.0,6.0,6.0,7.0,6.0,6.0,6.0,6.0,1.0,1.0
6.0,7.0,6.0,7.0,8.0,6.0,6.0,6.0,6.0,1.0,1.0
3.0,3.0,6.0,6.0,1.0,5.0,5.0,2.0,4.0,3.0,6.0
1.0,5.0,1.0,3.0,7.0,3.0,3.0,6.0,2.0,6.0,3.0
6.0,6.0,6.0,6.0,6.0,6.0,6.0,6.0,6.0,1.0,1.0
6.0,5.0,5.0,5.0,8.0,5.0,5.0,6.0,6.0,1.0,1.0
6.0,6.0,6.0,4.0,7.0,6.0,6.0,6.0,2.0,2.0,1.0
6.0,7.0,6.0,7.0,6.0,6.0,6.0,6.0,6.0,6.0,1.0
6.0,6.0,6.0,6.0,8.0,6.0,6.0,6.0,6.0,1.0,1.0
3.0,3.0,3.0,3.0,3.0,3.0,3.0,3.0,3.0,3.0,3.0
6.0,5.0,6.0,6.0,6.0,6.0,6.0,6.0,6.0,1.0,5.0
6.0,5.0,4.0,4.0,8.0,4.0,4.0,4.0,4.0,3.0,4.0
6.0,5.0,5.0,5.0,5.0,5.0,5.0,5.0,6.0,6.0,6.0
6.0,3.0,5.0,7.0,6.0,4.0,4.0,2.0,2.0,6.0,4.0
5.0,5.0,5.0,5.0,7.0,5.0,5.0,5.0,5.0,5.0,5.0
6.0,6.0,6.0,6.0,5.0,6.0,6.0,6.0,6.0,6.0,6.0
6.0,6.0,6.0,6.0,6.0,6.0,6.0,6.0,6.0,1.0,1.0
6.0,7.0,6.0,6.0,7.0,5.0,5.0,1.0,5.0,5.0,6.0
6.0,6.0,6.0,6.0,6.0,6.0,6.0,6.0,6.0,1.0,1.0
6.0,6.0,6.0,6.0,6.0,1.0,1.0,3.0,6.0,1.0,6.0
1.0,1.0,1.0,1.0,3.0,1.0,1.0,6.0,1.0,6.0,6.0
2.0,1.0,1.0,1.0,1.0,2.0,2.0,2.0,1.0,1.0,1.0
6.0,1.0,6.0,6.0,5.0,6.0,6.0,2.0,3.0,4.0,6.0
6.0,1.0,1.0,1.0,3.0,6.0,3.0,1.0,4.0,6.0,1.0
6.0,6.0,6.0,6.0,6.0,5.0,5.0,6.0,5.0,1.0,1.0
6.0,6.0,6.0,6.0,5.0,6.0,6.0,6.0,5.0,5.0,5.0
6.0,6.0,6.0,6.0,6.0,6.0,6.0,6.0,4.0,5.0,6.0
5.0,5.0,5.0,5.0,7.0,3.0,4.0,4.0,4.0,4.0,5.0
5.0,6.0,6.0,6.0,5.0,5.0,5.0,6.0,5.0,5.0,2.0
1.0,1.0,1.0,1.0,7.0,1.0,1.0,6.0,2.0,6.0,2.0
5.0,5.0,5.0,7.0,6.0,5.0,4.0,6.0,5.0,2.0,1.0
6.0,6.0,5.0,3.0,6.0,6.0,6.0,6.0,6.0,1.0,4.0
6.0,6.0,6.0,6.0,6.0,6.0,6.0,6.0,6.0,6.0,6.0
6.0,6.0,7.0,7.0,7.0,5.0,5.0,6.0,8.0,8.0,8.0
6.0,6.0,6.0,6.0,1.0,6.0,6.0,6.0,8.0,8.0,6.0
5.0,5.0,5.0,5.0,5.0,5.0,5.0,5.0,5.0,5.0,5.0
6.0,6.0,6.0,6.0,8.0,6.0,6.0,6.0,6.0,8.0,8.0
5.0,5.0,5.0,4.0,4.0,4.0,4.0,4.0,5.0,8.0,1.0
6.0,5.0,5.0,6.0,5.0,6.0,6.0,6.0,6.0,3.0,6.0
7.0,7.0,7.0,7.0,7.0,7.0,7.0,7.0,7.0,7.0,7.0
6.0,6.0,6.0,6.0,5.0,6.0,6.0,6.0,6.0,6.0,6.0
5.0,3.0,4.0,4.0,3.0,4.0,3.0,2.0,2.0,4.0,3.0
6.0,6.0,1.0,6.0,1.0,1.0,1.0,6.0,1.0,6.0,8.0
